domain,whois url,tag 1,tag 2,tag 3,tag 4,tag 5,tag 6,tag 7,tag 8,tag 9,tag 10,adsense,rank,google analytics,status,admin contact name,admin contact org,admin contact street,admin contact city,admin contact state,admin contact postal,admin contact country,admin contact phone,admin contact fax,admin contact email 1,admin contact email 2,admin contact email 3,billing contact name,billing contact org,billing contact street,billing contact city,billing contact state,billing contact postal,billing contact country,billing contact phone,billing contact fax,billing contact email 1,billing contact email 2,billing contact email 3,registrant contact name,registrant contact org,registrant contact street,registrant contact city,registrant contact state,registrant contact postal,registrant contact country,registrant contact phone,registrant contact fax,registrant contact email 1,registrant contact email 2,registrant contact email 3,technical contact name,technical contact org,technical contact street,technical contact city,technical contact state,technical contact postal,technical contact country,technical contact phone,technical contact fax,technical contact email 1,technical contact email 2,technical contact email 3,create date,expiration date,email domain 1,email domain 2,email domain 3,email domain 4,email domain 5,email domain 6,soa email 1,additional whois email 1,additional whois email 2,additional whois email 3,ip 1 - address,ip 1 - asn 1,ip 1 - country_code,ip 1 - isp,ip 2 - address,ip 2 - asn 1,ip 2 - country_code,ip 2 - isp,ip 3 - address,ip 3 - asn 1,ip 3 - country_code,ip 3 - isp,ip 4 - address,ip 4 - asn 1,ip 4 - country_code,ip 4 - isp,ip 5 - address,ip 5 - asn 1,ip 5 - country_code,ip 5 - isp,mx 1 - host,mx 1 - domain,mx 1 - ip 1,mx 1 - ip 2,mx 1 - ip 3,mx 1 - ip 4,mx 1 - ip 5,mx 1 - ip 6,mx 1 - ip 7,mx 1 - ip 8,mx 1 - ip 9,mx 1 - priority,mx 2 - host,mx 2 - domain,mx 2 - ip 1,mx 2 - ip 2,mx 2 - ip 3,mx 2 - ip 4,mx 2 - ip 5,mx 2 - ip 6,mx 2 - ip 7,mx 2 - ip 8,mx 2 - ip 9,mx 2 - priority,mx 3 - host,mx 3 - domain,mx 3 - ip 1,mx 3 - ip 2,mx 3 - ip 3,mx 3 - ip 4,mx 3 - ip 5,mx 3 - ip 6,mx 3 - ip 7,mx 3 - ip 8,mx 3 - ip 9,mx 3 - priority,mx 4 - host,mx 4 - domain,mx 4 - ip 1,mx 4 - ip 2,mx 4 - ip 3,mx 4 - ip 4,mx 4 - ip 5,mx 4 - ip 6,mx 4 - ip 7,mx 4 - ip 8,mx 4 - ip 9,mx 4 - priority,mx 5 - host,mx 5 - domain,mx 5 - ip 1,mx 5 - ip 2,mx 5 - ip 3,mx 5 - ip 4,mx 5 - ip 5,mx 5 - ip 6,mx 5 - ip 7,mx 5 - ip 8,mx 5 - ip 9,mx 5 - priority,mx 6 - host,mx 6 - domain,mx 6 - ip 1,mx 6 - ip 2,mx 6 - ip 3,mx 6 - ip 4,mx 6 - ip 5,mx 6 - ip 6,mx 6 - ip 7,mx 6 - ip 8,mx 6 - ip 9,mx 6 - priority,mx 7 - host,mx 7 - domain,mx 7 - ip 1,mx 7 - ip 2,mx 7 - ip 3,mx 7 - ip 4,mx 7 - ip 5,mx 7 - ip 6,mx 7 - ip 7,mx 7 - ip 8,mx 7 - ip 9,mx 7 - priority,ssl 1 - subject,ssl 1 - hash,ssl 1 - organization,ssl 1 - email,ssl 2 - subject,ssl 2 - hash,ssl 2 - organization,ssl 2 - email,ssl 3 - subject,ssl 3 - hash,ssl 3 - organization,ssl 3 - email,name server 1 - host,name server 1 - domain,name server 1 - ip 1,name server 1 - ip 2,name server 1 - ip 3,name server 1 - ip 4,name server 1 - ip 5,name server 1 - ip 6,name server 1 - ip 7,name server 1 - ip 8,name server 1 - ip 9,name server 1 - ip 10,name server 2 - host,name server 2 - domain,name server 2 - ip 1,name server 2 - ip 2,name server 2 - ip 3,name server 2 - ip 4,name server 2 - ip 5,name server 2 - ip 6,name server 2 - ip 7,name server 2 - ip 8,name server 2 - ip 9,name server 2 - ip 10,name server 3 - host,name server 3 - domain,name server 3 - ip 1,name server 3 - ip 2,name server 3 - ip 3,name server 3 - ip 4,name server 3 - ip 5,name server 3 - ip 6,name server 3 - ip 7,name server 3 - ip 8,name server 3 - ip 9,name server 3 - ip 10,name server 4 - host,name server 4 - domain,name server 4 - ip 1,name server 4 - ip 2,name server 4 - ip 3,name server 4 - ip 4,name server 4 - ip 5,name server 4 - ip 6,name server 4 - ip 7,name server 4 - ip 8,name server 4 - ip 9,name server 4 - ip 10,name server 5 - host,name server 5 - domain,name server 5 - ip 1,name server 5 - ip 2,name server 5 - ip 3,name server 5 - ip 4,name server 5 - ip 5,name server 5 - ip 6,name server 5 - ip 7,name server 5 - ip 8,name server 5 - ip 9,name server 5 - ip 10,name server 6 - host,name server 6 - domain,name server 6 - ip 1,name server 6 - ip 2,name server 6 - ip 3,name server 6 - ip 4,name server 6 - ip 5,name server 6 - ip 6,name server 6 - ip 7,name server 6 - ip 8,name server 6 - ip 9,name server 6 - ip 10,name server 7 - host,name server 7 - domain,name server 7 - ip 1,name server 7 - ip 2,name server 7 - ip 3,name server 7 - ip 4,name server 7 - ip 5,name server 7 - ip 6,name server 7 - ip 7,name server 7 - ip 8,name server 7 - ip 9,name server 7 - ip 10,name server 8 - host,name server 8 - domain,name server 8 - ip 1,name server 8 - ip 2,name server 8 - ip 3,name server 8 - ip 4,name server 8 - ip 5,name server 8 - ip 6,name server 8 - ip 7,name server 8 - ip 8,name server 8 - ip 9,name server 8 - ip 10,risk score,redirect,redirect domain,registrant name,registrant org,registrar,registrar status 1,registrar status 2,registrar status 3,registrar status 4,registrar status 5,tld,website response,first seen,website title,server type,ssl 1 - common name,ssl 1 - issuer common name,ssl 1 - not before,ssl 1 - not after,ssl 1 - duration,ssl 2 - common name,ssl 2 - issuer common name,ssl 2 - not before,ssl 2 - not after,ssl 2 - duration,ssl 3 - common name,ssl 3 - issuer common name,ssl 3 - not before,ssl 3 - not after,ssl 3 - duration,ga4 1,ga4 2,ga4 3,gtm 1,gtm 2,gtm 3,fb_codes 1,fb_codes 2,fb_codes 3,hotjar_codes 1,baidu_codes 1,baidu_codes 2,baidu_codes 3,matomo_codes 1,statcounter_project_codes 1,statcounter_project_codes 2,statcounter_project_codes 3,statcounter_security_codes 1,statcounter_security_codes 2,statcounter_security_codes 3,yandex_codes 1,yandex_codes 2,yandex_codes 3
"click-manage-room.cfd","https://whois.domaintools.com/click-manage-room.cfd","","","","","","","","","","","","","","inactive","","","","","","","","","","please query the rdds service of the registrar of record identified in this output for information on how to contact the registrant, admin, or tech contact of the queried domain name.","","","","","","","","","","","","Please query the RDDS service of the Registrar of Record identified in this output for information on how to contact the Registrant, Admin, or Tech contact of the queried domain name.","","","","See PrivacyGuardian.org","","","AZ","","us","","","please query the rdds service of the registrar of record identified in this output for information on how to contact the registrant, admin, or tech contact of the queried domain name.","","","","","","","","","","","","please query the rdds service of the registrar of record identified in this output for information on how to contact the registrant, admin, or tech contact of the queried domain name.","","","2024-06-01","2025-06-01","dnsowl.com","namesilo.com","","","","","hostmaster@dnsowl.com","abuse@namesilo.com","","","135.181.203.1","24940","fi","Hetzner Online GmbH","","","","","","","","","","","","","","","","","","","","","","","","","","","","","","","","","","","","","","","","","","","","","","","","","","","","","","","","","","","","","","","","","","","","","","","","","","","","","","","","","","","","","","","","","","","","","","","","","","","","","CN=click-manage-room.cfd","154df346c24f422e0add5e43d5f259374d45d1ef","","","CN=click-manage-room.cfd","fa681caa064247298a1b4112572cfae12fdb4d84","","","","","","","ns3.dnsowl.com","dnsowl.com","162.159.26.234","162.159.27.98","","","","","","","","","ns1.dnsowl.com","dnsowl.com","162.159.27.173","162.159.26.136","","","","","","","","","ns2.dnsowl.com","dnsowl.com","162.159.27.130","162.159.26.49","","","","","","","","","","","","","","","","","","","","","","","","","","","","","","","","","","","","","","","","","","","","","","","","","","","","","","","","","","","","","","","","","","","","","100","","","","See PrivacyGuardian.org","NameSilo, LLC","serverhold","","","","","cfd","200","2024-06-01T12:46:19.296000+00:00","","Microsoft-IIS/10.0","click-manage-room.cfd","R3","20240601","20240830","90","click-manage-room.cfd","R3","20240601","20240830","90","","","","","","","","","","","","","","","","","","","","","","","","","","","",""
"interconnected-equipment-buildings.buzz","https://whois.domaintools.com/interconnected-equipment-buildings.buzz","","","","","","","","","","","","","","inactive","REDACTED FOR PRIVACY","REDACTED FOR PRIVACY","REDACTED FOR PRIVACY","REDACTED FOR PRIVACY","REDACTED FOR PRIVACY","REDACTED FOR PRIVACY","REDACTED FOR PRIVACY","","","please query the rdds service of the registrar of record identified in this output for information on how to contact the registrant, admin, or tech contact of the queried domain name.","","","","","","","","","","","","","","","REDACTED FOR PRIVACY","See PrivacyGuardian.org","REDACTED FOR PRIVACY","REDACTED FOR PRIVACY","AZ","REDACTED FOR PRIVACY","us","","","please query the rdds service of the registrar of record identified in this output for information on how to contact the registrant, admin, or tech contact of the queried domain name.","","","REDACTED FOR PRIVACY","REDACTED FOR PRIVACY","REDACTED FOR PRIVACY","REDACTED FOR PRIVACY","REDACTED FOR PRIVACY","REDACTED FOR PRIVACY","REDACTED FOR PRIVACY","","","please query the rdds service of the registrar of record identified in this output for information on how to contact the registrant, admin, or tech contact of the queried domain name.","","","2024-06-06","2025-06-06","namesilo.com","dnsowl.com","","","","","hostmaster@dnsowl.com","abuse@namesilo.com","","","135.181.203.1","24940","fi","Hetzner Online GmbH","","","","","","","","","","","","","","","","","","","","","","","","","","","","","","","","","","","","","","","","","","","","","","","","","","","","","","","","","","","","","","","","","","","","","","","","","","","","","","","","","","","","","","","","","","","","","","","","","","","","","CN=interconnected-equipment-buildings.buzz","74cd72eeb24913d0ab430284b0af544bc30281c7","","","CN=interconnected-equipment-buildings.buzz","f40c7227a3a5a7ee0689b2c4b995bbf4a2efeb5f","","","","","","","ns2.dnsowl.com","dnsowl.com","162.159.27.130","162.159.26.49","","","","","","","","","ns3.dnsowl.com","dnsowl.com","162.159.27.98","162.159.26.234","","","","","","","","","ns1.dnsowl.com","dnsowl.com","162.159.27.173","162.159.26.136","","","","","","","","","","","","","","","","","","","","","","","","","","","","","","","","","","","","","","","","","","","","","","","","","","","","","","","","","","","","","","","","","","","","","100","","","REDACTED FOR PRIVACY","See PrivacyGuardian.org","NameSilo, LLC","serverhold","","","","","buzz","200","2024-06-06T05:51:55.169000+00:00","","Microsoft-IIS/10.0","interconnected-equipment-buildings.buzz","R3","20240606","20240904","90","interconnected-equipment-buildings.buzz","R3","20240606","20240904","90","","","","","","","","","","","","","","","","","","","","","","","","","","","",""
"nail-forward-valid.lol","https://whois.domaintools.com/nail-forward-valid.lol","","","","","","","","","","","","","","active","","","","","","","","","","please query the rdds service of the registrar of record identified in this output for information on how to contact the registrant, admin, or tech contact of the queried domain name.","","","","","","","","","","","","Please query the RDDS service of the Registrar of Record identified in this output for information on how to contact the Registrant, Admin, or Tech contact of the queried domain name.","","","","See PrivacyGuardian.org","","","AZ","","us","","","please query the rdds service of the registrar of record identified in this output for information on how to contact the registrant, admin, or tech contact of the queried domain name.","","","","","","","","","","","","please query the rdds service of the registrar of record identified in this output for information on how to contact the registrant, admin, or tech contact of the queried domain name.","","","2024-06-15","2025-06-15","namesilo.com","dnsowl.com","","","","","hostmaster@dnsowl.com","abuse@namesilo.com","","","135.181.203.1","24940","fi","Hetzner Online GmbH","","","","","","","","","","","","","","","","","","","","","","","","","","","","","","","","","","","","","","","","","","","","","","","","","","","","","","","","","","","","","","","","","","","","","","","","","","","","","","","","","","","","","","","","","","","","","","","","","","","","","CN=nail-forward-valid.lol","b30a29d9b124df57c8d3e97cccbdb4521dffc48d","","","","","","","","","","","ns2.dnsowl.com","dnsowl.com","162.159.27.130","162.159.26.49","","","","","","","","","ns1.dnsowl.com","dnsowl.com","162.159.27.173","162.159.26.136","","","","","","","","","ns3.dnsowl.com","dnsowl.com","162.159.27.98","162.159.26.234","","","","","","","","","","","","","","","","","","","","","","","","","","","","","","","","","","","","","","","","","","","","","","","","","","","","","","","","","","","","","","","","","","","","","100","","","","See PrivacyGuardian.org","NameSilo, LLC","servertransferprohibited","","","","","lol","200","2024-06-15T07:56:32.300000+00:00","","Microsoft-IIS/10.0","nail-forward-valid.lol","R11","20240615","20240913","90","","","","","","","","","","","","","","","","","","","","","","","","","","","","","","","","",""
"house-server-digital.xyz","https://whois.domaintools.com/house-server-digital.xyz","","","","","","","","","","","","","","active","","","","","","","","","","please query the rdds service of the registrar of record identified in this output for information on how to contact the registrant, admin, or tech contact of the queried domain name.","","","","","","","","","","","","Please query the RDDS service of the Registrar of Record identified in this output for information on how to contact the Registrant, Admin, or Tech contact of the queried domain name.","","","","See PrivacyGuardian.org","","","AZ","","us","","","please query the rdds service of the registrar of record identified in this output for information on how to contact the registrant, admin, or tech contact of the queried domain name.","","","","","","","","","","","","please query the rdds service of the registrar of record identified in this output for information on how to contact the registrant, admin, or tech contact of the queried domain name.","","","2024-06-22","2025-06-22","dnsowl.com","namesilo.com","","","","","hostmaster@dnsowl.com","abuse@namesilo.com","","","135.181.203.1","24940","fi","Hetzner Online GmbH","","","","","","","","","","","","","","","","","","","","","","","","","","","","","","","","","","","","","","","","","","","","","","","","","","","","","","","","","","","","","","","","","","","","","","","","","","","","","","","","","","","","","","","","","","","","","","","","","","","","","CN=house-server-digital.xyz","cdf44107daab051dc86bc9e8c1eb31be1cd9a14b","","","CN=house-server-digital.xyz","e2699a35da9075cf48057828aafee7f39aa03d81","","","","","","","ns2.dnsowl.com","dnsowl.com","162.159.27.130","162.159.26.49","","","","","","","","","ns3.dnsowl.com","dnsowl.com","162.159.26.234","162.159.27.98","","","","","","","","","ns1.dnsowl.com","dnsowl.com","162.159.26.136","162.159.27.173","","","","","","","","","","","","","","","","","","","","","","","","","","","","","","","","","","","","","","","","","","","","","","","","","","","","","","","","","","","","","","","","","","","","","100","","","","See PrivacyGuardian.org","NameSilo, LLC","clienttransferprohibited","","","","","xyz","","2024-06-22T06:11:57.944000+00:00","","","house-server-digital.xyz","R11","20240622","20240920","90","house-server-digital.xyz","R11","20240622","20240920","90","","","","","","","","","","","","","","","","","","","","","","","","","","","",""
"request-human-received.xyz","https://whois.domaintools.com/request-human-received.xyz","","","","","","","","","","","","","","inactive","","","","","","","","","","please query the rdds service of the registrar of record identified in this output for information on how to contact the registrant, admin, or tech contact of the queried domain name.","","","","","","","","","","","","Please query the RDDS service of the Registrar of Record identified in this output for information on how to contact the Registrant, Admin, or Tech contact of the queried domain name.","","","","See PrivacyGuardian.org","","","AZ","","us","","","please query the rdds service of the registrar of record identified in this output for information on how to contact the registrant, admin, or tech contact of the queried domain name.","","","","","","","","","","","","please query the rdds service of the registrar of record identified in this output for information on how to contact the registrant, admin, or tech contact of the queried domain name.","","","2024-06-24","2025-06-24","namesilo.com","dnsowl.com","","","","","hostmaster@dnsowl.com","abuse@namesilo.com","","","135.181.203.1","24940","fi","Hetzner Online GmbH","","","","","","","","","","","","","","","","","","","","","","","","","","","","","","","","","","","","","","","","","","","","","","","","","","","","","","","","","","","","","","","","","","","","","","","","","","","","","","","","","","","","","","","","","","","","","","","","","","","","","CN=request-human-received.xyz","59ef7bc1f85fc5126671cf85dcb662c59a9b4a78","","","","","","","","","","","ns2.dnsowl.com","dnsowl.com","162.159.26.49","162.159.27.130","","","","","","","","","ns3.dnsowl.com","dnsowl.com","162.159.27.98","162.159.26.234","","","","","","","","","ns1.dnsowl.com","dnsowl.com","162.159.27.173","162.159.26.136","","","","","","","","","","","","","","","","","","","","","","","","","","","","","","","","","","","","","","","","","","","","","","","","","","","","","","","","","","","","","","","","","","","","","100","","","","See PrivacyGuardian.org","NameSilo, LLC","servertransferprohibited","","","","","xyz","","2024-06-24T11:51:17.072000+00:00","","","request-human-received.xyz","R10","20240624","20240922","90","","","","","","","","","","","","","","","","","","","","","","","","","","","","","","","","",""
"flow-exulltation-uplift.top","https://whois.domaintools.com/flow-exulltation-uplift.top","","","","","","","","","","","","","","active","REDACTED FOR PRIVACY","REDACTED FOR PRIVACY","REDACTED FOR PRIVACY","REDACTED FOR PRIVACY","REDACTED FOR PRIVACY","REDACTED FOR PRIVACY","REDACTED FOR PRIVACY","","","please query the rdds service of the registrar of record identified in this output for information on how to contact the registrant, admin, or tech contact of the queried domain name.","","","","","","","","","","","","","","","REDACTED FOR PRIVACY","See PrivacyGuardian.org","REDACTED FOR PRIVACY","REDACTED FOR PRIVACY","AZ","REDACTED FOR PRIVACY","us","","","please query the rdds service of the registrar of record identified in this output for information on how to contact the registrant, admin, or tech contact of the queried domain name.","","","REDACTED FOR PRIVACY","REDACTED FOR PRIVACY","REDACTED FOR PRIVACY","REDACTED FOR PRIVACY","REDACTED FOR PRIVACY","REDACTED FOR PRIVACY","REDACTED FOR PRIVACY","","","please query the rdds service of the registrar of record identified in this output for information on how to contact the registrant, admin, or tech contact of the queried domain name.","","","2024-07-01","2025-07-01","namesilo.com","dnsowl.com","","","","","hostmaster@dnsowl.com","abuse@namesilo.com","","","135.181.203.1","24940","fi","Hetzner Online GmbH","","","","","","","","","","","","","","","","","","","","","","","","","","","","","","","","","","","","","","","","","","","","","","","","","","","","","","","","","","","","","","","","","","","","","","","","","","","","","","","","","","","","","","","","","","","","","","","","","","","","","CN=flow-exulltation-uplift.top","4a379ddba4b00cd5a6463ef95dfaf9c2f86dacb1","","","","","","","","","","","ns3.dnsowl.com","dnsowl.com","162.159.26.234","162.159.27.98","","","","","","","","","ns1.dnsowl.com","dnsowl.com","162.159.26.136","162.159.27.173","","","","","","","","","ns2.dnsowl.com","dnsowl.com","162.159.27.130","162.159.26.49","","","","","","","","","","","","","","","","","","","","","","","","","","","","","","","","","","","","","","","","","","","","","","","","","","","","","","","","","","","","","","","","","","","","","100","","","REDACTED FOR PRIVACY","See PrivacyGuardian.org","NameSilo,LLC","clienttransferprohibited","","","","","top","200","2024-07-02T04:48:25.096000+00:00","","Microsoft-IIS/10.0","flow-exulltation-uplift.top","R10","20240702","20240930","90","","","","","","","","","","","","","","","","","","","","","","","","","","","","","","","","",""
"bekkering-lastechniek.buzz","https://whois.domaintools.com/bekkering-lastechniek.buzz","","","","","","","","","","","","","","inactive","REDACTED FOR PRIVACY","REDACTED FOR PRIVACY","REDACTED FOR PRIVACY","REDACTED FOR PRIVACY","REDACTED FOR PRIVACY","REDACTED FOR PRIVACY","REDACTED FOR PRIVACY","","","please query the rdds service of the registrar of record identified in this output for information on how to contact the registrant, admin, or tech contact of the queried domain name.","","","","","","","","","","","","","","","REDACTED FOR PRIVACY","See PrivacyGuardian.org","REDACTED FOR PRIVACY","REDACTED FOR PRIVACY","AZ","REDACTED FOR PRIVACY","us","","","please query the rdds service of the registrar of record identified in this output for information on how to contact the registrant, admin, or tech contact of the queried domain name.","","","REDACTED FOR PRIVACY","REDACTED FOR PRIVACY","REDACTED FOR PRIVACY","REDACTED FOR PRIVACY","REDACTED FOR PRIVACY","REDACTED FOR PRIVACY","REDACTED FOR PRIVACY","","","please query the rdds service of the registrar of record identified in this output for information on how to contact the registrant, admin, or tech contact of the queried domain name.","","","2024-07-02","2025-07-02","dnsowl.com","namesilo.com","","","","","hostmaster@dnsowl.com","abuse@namesilo.com","","","49.12.110.250","24940","de","Hetzner Online GmbH","","","","","","","","","","","","","","","","","","","","","","","","","","","","","","","","","","","","","","","","","","","","","","","","","","","","","","","","","","","","","","","","","","","","","","","","","","","","","","","","","","","","","","","","","","","","","","","","","","","","","CN=bekkering-lastechniek.buzz","03094dcc37420f253d9f66274c1471d9098d4a01","","","","","","","","","","","ns1.dnsowl.com","dnsowl.com","162.159.26.136","162.159.27.173","","","","","","","","","ns2.dnsowl.com","dnsowl.com","162.159.27.130","162.159.26.49","","","","","","","","","ns3.dnsowl.com","dnsowl.com","162.159.26.234","162.159.27.98","","","","","","","","","","","","","","","","","","","","","","","","","","","","","","","","","","","","","","","","","","","","","","","","","","","","","","","","","","","","","","","","","","","","","100","","","REDACTED FOR PRIVACY","See PrivacyGuardian.org","NameSilo, LLC","servertransferprohibited","","","","","buzz","","2024-07-02T14:36:01.611000+00:00","","","bekkering-lastechniek.buzz","E6","20240702","20240930","90","","","","","","","","","","","","","","","","","","","","","","","","","","","","","","","","",""
"fyd-server.buzz","https://whois.domaintools.com/fyd-server.buzz","","","","","","","","","","","","","","active","REDACTED FOR PRIVACY","REDACTED FOR PRIVACY","REDACTED FOR PRIVACY","REDACTED FOR PRIVACY","REDACTED FOR PRIVACY","REDACTED FOR PRIVACY","REDACTED FOR PRIVACY","","","please query the rdds service of the registrar of record identified in this output for information on how to contact the registrant, admin, or tech contact of the queried domain name.","","","","","","","","","","","","","","","REDACTED FOR PRIVACY","See PrivacyGuardian.org","REDACTED FOR PRIVACY","REDACTED FOR PRIVACY","AZ","REDACTED FOR PRIVACY","us","","","please query the rdds service of the registrar of record identified in this output for information on how to contact the registrant, admin, or tech contact of the queried domain name.","","","REDACTED FOR PRIVACY","REDACTED FOR PRIVACY","REDACTED FOR PRIVACY","REDACTED FOR PRIVACY","REDACTED FOR PRIVACY","REDACTED FOR PRIVACY","REDACTED FOR PRIVACY","","","please query the rdds service of the registrar of record identified in this output for information on how to contact the registrant, admin, or tech contact of the queried domain name.","","","2024-07-31","2025-07-31","dnsowl.com","namesilo.com","","","","","hostmaster@dnsowl.com","abuse@namesilo.com","","","176.9.72.14","24940","de","Hetzner Online GmbH","","","","","","","","","","","","","","","","","","","","","","","","","","","","","","","","","","","","","","","","","","","","","","","","","","","","","","","","","","","","","","","","","","","","","","","","","","","","","","","","","","","","","","","","","","","","","","","","","","","","","","","","","","","","","","","","","ns1.dnsowl.com","dnsowl.com","162.159.26.136","162.159.27.173","","","","","","","","","ns3.dnsowl.com","dnsowl.com","162.159.27.98","162.159.26.234","","","","","","","","","ns2.dnsowl.com","dnsowl.com","162.159.26.49","162.159.27.130","","","","","","","","","","","","","","","","","","","","","","","","","","","","","","","","","","","","","","","","","","","","","","","","","","","","","","","","","","","","","","","","","","","","","42","","","REDACTED FOR PRIVACY","See PrivacyGuardian.org","NameSilo, LLC","servertransferprohibited","","","","","buzz","","2024-08-01T03:22:52.324000+00:00","","","","","","","","","","","","","","","","","","","","","","","","","","","","","","","","","","","","","","","",""
"syta-iptv.top","https://whois.domaintools.com/syta-iptv.top","","","","","","","","","","","","","","active","REDACTED FOR PRIVACY","REDACTED FOR PRIVACY","REDACTED FOR PRIVACY","REDACTED FOR PRIVACY","REDACTED FOR PRIVACY","REDACTED FOR PRIVACY","REDACTED FOR PRIVACY","","","please query the rdds service of the registrar of record identified in this output for information on how to contact the registrant, admin, or tech contact of the queried domain name.","","","","","","","","","","","","","","","REDACTED FOR PRIVACY","See PrivacyGuardian.org","REDACTED FOR PRIVACY","REDACTED FOR PRIVACY","AZ","REDACTED FOR PRIVACY","us","","","please query the rdds service of the registrar of record identified in this output for information on how to contact the registrant, admin, or tech contact of the queried domain name.","","","REDACTED FOR PRIVACY","REDACTED FOR PRIVACY","REDACTED FOR PRIVACY","REDACTED FOR PRIVACY","REDACTED FOR PRIVACY","REDACTED FOR PRIVACY","REDACTED FOR PRIVACY","","","please query the rdds service of the registrar of record identified in this output for information on how to contact the registrant, admin, or tech contact of the queried domain name.","","","2024-08-03","2025-08-03","dnsowl.com","namesilo.com","","","","","hostmaster@dnsowl.com","abuse@namesilo.com","","","95.217.1.81","24940","fi","Hetzner Online GmbH","","","","","","","","","","","","","","","","","","","","","","","","","","","","","","","","","","","","","","","","","","","","","","","","","","","","","","","","","","","","","","","","","","","","","","","","","","","","","","","","","","","","","","","","","","","","","","","","","","","","","","","","","","","","","","","","","ns2.dnsowl.com","dnsowl.com","162.159.26.49","162.159.27.130","","","","","","","","","ns1.dnsowl.com","dnsowl.com","162.159.27.173","162.159.26.136","","","","","","","","","ns3.dnsowl.com","dnsowl.com","162.159.27.98","162.159.26.234","","","","","","","","","","","","","","","","","","","","","","","","","","","","","","","","","","","","","","","","","","","","","","","","","","","","","","","","","","","","","","","","","","","","","46","","","REDACTED FOR PRIVACY","See PrivacyGuardian.org","NameSilo,LLC","ok","","","","","top","200","2024-08-04T08:46:00.681000+00:00","SYTA IPTV","nginx/1.18.0 (Ubuntu)","","","","","","","","","","","","","","","","","","","","","","","","","","","","","","","","","","","","","",""
"syta-ott.top","https://whois.domaintools.com/syta-ott.top","","","","","","","","","","","","","","active","REDACTED FOR PRIVACY","REDACTED FOR PRIVACY","REDACTED FOR PRIVACY","REDACTED FOR PRIVACY","REDACTED FOR PRIVACY","REDACTED FOR PRIVACY","REDACTED FOR PRIVACY","","","please query the rdds service of the registrar of record identified in this output for information on how to contact the registrant, admin, or tech contact of the queried domain name.","","","","","","","","","","","","","","","REDACTED FOR PRIVACY","See PrivacyGuardian.org","REDACTED FOR PRIVACY","REDACTED FOR PRIVACY","AZ","REDACTED FOR PRIVACY","us","","","please query the rdds service of the registrar of record identified in this output for information on how to contact the registrant, admin, or tech contact of the queried domain name.","","","REDACTED FOR PRIVACY","REDACTED FOR PRIVACY","REDACTED FOR PRIVACY","REDACTED FOR PRIVACY","REDACTED FOR PRIVACY","REDACTED FOR PRIVACY","REDACTED FOR PRIVACY","","","please query the rdds service of the registrar of record identified in this output for information on how to contact the registrant, admin, or tech contact of the queried domain name.","","","2024-08-03","2025-08-03","dnsowl.com","namesilo.com","","","","","hostmaster@dnsowl.com","abuse@namesilo.com","","","95.217.1.81","24940","fi","Hetzner Online GmbH","","","","","","","","","","","","","","","","","","","","","","","","","","","","","","","","","","","","","","","","","","","","","","","","","","","","","","","","","","","","","","","","","","","","","","","","","","","","","","","","","","","","","","","","","","","","","","","","","","","","","","","","","","","","","","","","","ns2.dnsowl.com","dnsowl.com","162.159.27.130","162.159.26.49","","","","","","","","","ns3.dnsowl.com","dnsowl.com","162.159.27.98","162.159.26.234","","","","","","","","","ns1.dnsowl.com","dnsowl.com","162.159.27.173","162.159.26.136","","","","","","","","","","","","","","","","","","","","","","","","","","","","","","","","","","","","","","","","","","","","","","","","","","","","","","","","","","","","","","","","","","","","","52","","","REDACTED FOR PRIVACY","See PrivacyGuardian.org","NameSilo,LLC","ok","","","","","top","200","2024-08-04T10:31:16.053000+00:00","SYTA IPTV","nginx/1.18.0 (Ubuntu)","","","","","","","","","","","","","","","","","","","","","","","","","","","","","","","","","","","","","",""
"app-engage-station.help","https://whois.domaintools.com/app-engage-station.help","","","","","","","","","","","","","","active","","","","","","","","","","please query the rdds service of the registrar of record identified in this output for information on how to contact the registrant, admin, or tech contact of the queried domain name.","","","","","","","","","","","","Please query the RDDS service of the Registrar of Record identified in this output for information on how to contact the Registrant, Admin, or Tech contact of the queried domain name.","","","","See PrivacyGuardian.org","","","AZ","","us","","","please query the rdds service of the registrar of record identified in this output for information on how to contact the registrant, admin, or tech contact of the queried domain name.","","","","","","","","","","","","please query the rdds service of the registrar of record identified in this output for information on how to contact the registrant, admin, or tech contact of the queried domain name.","","","2024-08-19","2025-08-19","namesilo.com","dnsowl.com","","","","","hostmaster@dnsowl.com","abuse@namesilo.com","","","135.181.203.1","24940","fi","Hetzner Online GmbH","","","","","","","","","","","","","","","","","","","","","","","","","","","","","","","","","","","","","","","","","","","","","","","","","","","","","","","","","","","","","","","","","","","","","","","","","","","","","","","","","","","","","","","","","","","","","","","","","","","","","CN=app-engage-station.help","bd33dfee43ba2a1a57e4a58615dfcf8af67533b9","","","","","","","","","","","ns1.dnsowl.com","dnsowl.com","162.159.26.136","162.159.27.173","","","","","","","","","ns2.dnsowl.com","dnsowl.com","162.159.27.130","162.159.26.49","","","","","","","","","ns3.dnsowl.com","dnsowl.com","162.159.26.234","162.159.27.98","","","","","","","","","","","","","","","","","","","","","","","","","","","","","","","","","","","","","","","","","","","","","","","","","","","","","","","","","","","","","","","","","","","","","100","","","","See PrivacyGuardian.org","NameSilo, LLC","servertransferprohibited","","","","","help","","2024-08-20T05:19:49.467000+00:00","","","app-engage-station.help","R11","20240820","20241118","90","","","","","","","","","","","","","","","","","","","","","","","","","","","","","","","","",""
"software-selection-features.buzz","https://whois.domaintools.com/software-selection-features.buzz","","","","","","","","","","","","","","inactive","REDACTED FOR PRIVACY","REDACTED FOR PRIVACY","REDACTED FOR PRIVACY","REDACTED FOR PRIVACY","REDACTED FOR PRIVACY","REDACTED FOR PRIVACY","REDACTED FOR PRIVACY","","","please query the rdds service of the registrar of record identified in this output for information on how to contact the registrant, admin, or tech contact of the queried domain name.","","","","","","","","","","","","","","","REDACTED FOR PRIVACY","See PrivacyGuardian.org","REDACTED FOR PRIVACY","REDACTED FOR PRIVACY","AZ","REDACTED FOR PRIVACY","us","","","please query the rdds service of the registrar of record identified in this output for information on how to contact the registrant, admin, or tech contact of the queried domain name.","","","REDACTED FOR PRIVACY","REDACTED FOR PRIVACY","REDACTED FOR PRIVACY","REDACTED FOR PRIVACY","REDACTED FOR PRIVACY","REDACTED FOR PRIVACY","REDACTED FOR PRIVACY","","","please query the rdds service of the registrar of record identified in this output for information on how to contact the registrant, admin, or tech contact of the queried domain name.","","","2024-08-29","2025-08-29","dnsowl.com","namesilo.com","","","","","hostmaster@dnsowl.com","abuse@namesilo.com","","","135.181.203.1","24940","fi","Hetzner Online GmbH","","","","","","","","","","","","","","","","","","","","","","","","","","","","","","","","","","","","","","","","","","","","","","","","","","","","","","","","","","","","","","","","","","","","","","","","","","","","","","","","","","","","","","","","","","","","","","","","","","","","","CN=software-selection-features.buzz","4509e00f042343f086ebcc77048313f367c67cd1","","","","","","","","","","","ns3.dnsowl.com","dnsowl.com","162.159.27.98","162.159.26.234","","","","","","","","","ns1.dnsowl.com","dnsowl.com","162.159.27.173","162.159.26.136","","","","","","","","","ns2.dnsowl.com","dnsowl.com","162.159.26.49","162.159.27.130","","","","","","","","","","","","","","","","","","","","","","","","","","","","","","","","","","","","","","","","","","","","","","","","","","","","","","","","","","","","","","","","","","","","","100","","","REDACTED FOR PRIVACY","See PrivacyGuardian.org","NameSilo, LLC","servertransferprohibited","","","","","buzz","200","2024-08-29T07:15:37.043000+00:00","","Microsoft-IIS/10.0","software-selection-features.buzz","R11","20240829","20241127","90","","","","","","","","","","","","","","","","","","","","","","","","","","","","","","","","",""
"competitive-searchvolume-considered.top","https://whois.domaintools.com/competitive-searchvolume-considered.top","","","","","","","","","","","","","","active","REDACTED FOR PRIVACY","REDACTED FOR PRIVACY","REDACTED FOR PRIVACY","REDACTED FOR PRIVACY","REDACTED FOR PRIVACY","REDACTED FOR PRIVACY","REDACTED FOR PRIVACY","","","please query the rdds service of the registrar of record identified in this output for information on how to contact the registrant, admin, or tech contact of the queried domain name.","","","","","","","","","","","","","","","REDACTED FOR PRIVACY","See PrivacyGuardian.org","REDACTED FOR PRIVACY","REDACTED FOR PRIVACY","AZ","REDACTED FOR PRIVACY","us","","","please query the rdds service of the registrar of record identified in this output for information on how to contact the registrant, admin, or tech contact of the queried domain name.","","","REDACTED FOR PRIVACY","REDACTED FOR PRIVACY","REDACTED FOR PRIVACY","REDACTED FOR PRIVACY","REDACTED FOR PRIVACY","REDACTED FOR PRIVACY","REDACTED FOR PRIVACY","","","please query the rdds service of the registrar of record identified in this output for information on how to contact the registrant, admin, or tech contact of the queried domain name.","","","2024-09-09","2025-09-09","dnsowl.com","namesilo.com","","","","","hostmaster@dnsowl.com","abuse@namesilo.com","","","135.181.203.1","24940","fi","Hetzner Online GmbH","","","","","","","","","","","","","","","","","","","","","","","","","","","","","","","","","","","","","","","","","","","","","","","","","","","","","","","","","","","","","","","","","","","","","","","","","","","","","","","","","","","","","","","","","","","","","","","","","","","","","CN=competitive-searchvolume-considered.top","b231d9bc3e5fb0d5f77a43c82e471d91a0ddf008","","","","","","","","","","","ns1.dnsowl.com","dnsowl.com","162.159.27.173","162.159.26.136","","","","","","","","","ns3.dnsowl.com","dnsowl.com","162.159.26.234","162.159.27.98","","","","","","","","","ns2.dnsowl.com","dnsowl.com","162.159.26.49","162.159.27.130","","","","","","","","","","","","","","","","","","","","","","","","","","","","","","","","","","","","","","","","","","","","","","","","","","","","","","","","","","","","","","","","","","","","","100","","","REDACTED FOR PRIVACY","See PrivacyGuardian.org","NameSilo,LLC","clienttransferprohibited","","","","","top","200","2024-09-09T08:41:31.174000+00:00","","Microsoft-IIS/10.0","competitive-searchvolume-considered.top","R10","20240909","20241208","90","","","","","","","","","","","","","","","","","","","","","","","","","","","","","","","","",""
"growing-prices-advanced.top","https://whois.domaintools.com/growing-prices-advanced.top","","","","","","","","","","","","","","active","REDACTED FOR PRIVACY","REDACTED FOR PRIVACY","REDACTED FOR PRIVACY","REDACTED FOR PRIVACY","REDACTED FOR PRIVACY","REDACTED FOR PRIVACY","REDACTED FOR PRIVACY","","","please query the rdds service of the registrar of record identified in this output for information on how to contact the registrant, admin, or tech contact of the queried domain name.","","","","","","","","","","","","","","","REDACTED FOR PRIVACY","See PrivacyGuardian.org","REDACTED FOR PRIVACY","REDACTED FOR PRIVACY","AZ","REDACTED FOR PRIVACY","us","","","please query the rdds service of the registrar of record identified in this output for information on how to contact the registrant, admin, or tech contact of the queried domain name.","","","REDACTED FOR PRIVACY","REDACTED FOR PRIVACY","REDACTED FOR PRIVACY","REDACTED FOR PRIVACY","REDACTED FOR PRIVACY","REDACTED FOR PRIVACY","REDACTED FOR PRIVACY","","","please query the rdds service of the registrar of record identified in this output for information on how to contact the registrant, admin, or tech contact of the queried domain name.","","","2024-09-10","2025-09-10","dnsowl.com","namesilo.com","","","","","hostmaster@dnsowl.com","abuse@namesilo.com","","","135.181.203.1","24940","fi","Hetzner Online GmbH","","","","","","","","","","","","","","","","","","","","","","","","","","","","","","","","","","","","","","","","","","","","","","","","","","","","","","","","","","","","","","","","","","","","","","","","","","","","","","","","","","","","","","","","","","","","","","","","","","","","","CN=growing-prices-advanced.top","9346a62e7bc60ad481386817039487f2dbb91444","","","","","","","","","","","ns1.dnsowl.com","dnsowl.com","162.159.27.173","162.159.26.136","","","","","","","","","ns2.dnsowl.com","dnsowl.com","162.159.27.130","162.159.26.49","","","","","","","","","ns3.dnsowl.com","dnsowl.com","162.159.26.234","162.159.27.98","","","","","","","","","","","","","","","","","","","","","","","","","","","","","","","","","","","","","","","","","","","","","","","","","","","","","","","","","","","","","","","","","","","","","100","","","REDACTED FOR PRIVACY","See PrivacyGuardian.org","NameSilo,LLC","clienttransferprohibited","","","","","top","200","2024-09-10T06:29:36.286000+00:00","","Microsoft-IIS/10.0","growing-prices-advanced.top","R10","20240910","20241209","90","","","","","","","","","","","","","","","","","","","","","","","","","","","","","","","","",""
"horse-improve-department.top","https://whois.domaintools.com/horse-improve-department.top","","","","","","","","","","","","","","active","REDACTED FOR PRIVACY","REDACTED FOR PRIVACY","REDACTED FOR PRIVACY","REDACTED FOR PRIVACY","REDACTED FOR PRIVACY","REDACTED FOR PRIVACY","REDACTED FOR PRIVACY","","","please query the rdds service of the registrar of record identified in this output for information on how to contact the registrant, admin, or tech contact of the queried domain name.","","","","","","","","","","","","","","","REDACTED FOR PRIVACY","See PrivacyGuardian.org","REDACTED FOR PRIVACY","REDACTED FOR PRIVACY","AZ","REDACTED FOR PRIVACY","us","","","please query the rdds service of the registrar of record identified in this output for information on how to contact the registrant, admin, or tech contact of the queried domain name.","","","REDACTED FOR PRIVACY","REDACTED FOR PRIVACY","REDACTED FOR PRIVACY","REDACTED FOR PRIVACY","REDACTED FOR PRIVACY","REDACTED FOR PRIVACY","REDACTED FOR PRIVACY","","","please query the rdds service of the registrar of record identified in this output for information on how to contact the registrant, admin, or tech contact of the queried domain name.","","","2024-09-17","2025-09-17","namesilo.com","dnsowl.com","","","","","hostmaster@dnsowl.com","abuse@namesilo.com","","","135.181.203.1","24940","fi","Hetzner Online GmbH","","","","","","","","","","","","","","","","","","","","","","","","","","","","","","","","","","","","","","","","","","","","","","","","","","","","","","","","","","","","","","","","","","","","","","","","","","","","","","","","","","","","","","","","","","","","","","","","","","","","","CN=horse-improve-department.top","b1ccf8a5325f90a6e379a87a4afae3660f681463","","","CN=horse-improve-department.top","ca5f4463364a3e348f9d673a101d358ba57f3d62","","","","","","","ns2.dnsowl.com","dnsowl.com","162.159.27.130","162.159.26.49","","","","","","","","","ns1.dnsowl.com","dnsowl.com","162.159.27.173","162.159.26.136","","","","","","","","","ns3.dnsowl.com","dnsowl.com","162.159.27.98","162.159.26.234","","","","","","","","","","","","","","","","","","","","","","","","","","","","","","","","","","","","","","","","","","","","","","","","","","","","","","","","","","","","","","","","","","","","","100","","","REDACTED FOR PRIVACY","See PrivacyGuardian.org","NameSilo,LLC","clienttransferprohibited","","","","","top","200","2024-09-17T12:44:22.287000+00:00","","Microsoft-IIS/10.0","horse-improve-department.top","R11","20240917","20241216","90","horse-improve-department.top","R11","20240917","20241216","90","","","","","","","","","","","","","","","","","","","","","","","","","","","",""
"paper-blue-hero.top","https://whois.domaintools.com/paper-blue-hero.top","","","","","","","","","","","","","","active","REDACTED FOR PRIVACY","REDACTED FOR PRIVACY","REDACTED FOR PRIVACY","REDACTED FOR PRIVACY","REDACTED FOR PRIVACY","REDACTED FOR PRIVACY","REDACTED FOR PRIVACY","","","please query the rdds service of the registrar of record identified in this output for information on how to contact the registrant, admin, or tech contact of the queried domain name.","","","","","","","","","","","","","","","REDACTED FOR PRIVACY","See PrivacyGuardian.org","REDACTED FOR PRIVACY","REDACTED FOR PRIVACY","AZ","REDACTED FOR PRIVACY","us","","","please query the rdds service of the registrar of record identified in this output for information on how to contact the registrant, admin, or tech contact of the queried domain name.","","","REDACTED FOR PRIVACY","REDACTED FOR PRIVACY","REDACTED FOR PRIVACY","REDACTED FOR PRIVACY","REDACTED FOR PRIVACY","REDACTED FOR PRIVACY","REDACTED FOR PRIVACY","","","please query the rdds service of the registrar of record identified in this output for information on how to contact the registrant, admin, or tech contact of the queried domain name.","","","2024-09-24","2025-09-24","namesilo.com","dnsowl.com","","","","","hostmaster@dnsowl.com","abuse@namesilo.com","","","135.181.203.1","24940","fi","Hetzner Online GmbH","","","","","","","","","","","","","","","","","","","","","","","","","","","","","","","","","","","","","","","","","","","","","","","","","","","","","","","","","","","","","","","","","","","","","","","","","","","","","","","","","","","","","","","","","","","","","","","","","","","","","CN=paper-blue-hero.top","dcc429a70fc90da02a656d9d0b3b0f23f0262573","","","CN=paper-blue-hero.top","821941aa9dd540c99f1136e06437a04bbdad682c","","","","","","","ns3.dnsowl.com","dnsowl.com","162.159.27.98","162.159.26.234","","","","","","","","","ns2.dnsowl.com","dnsowl.com","162.159.27.130","162.159.26.49","","","","","","","","","ns1.dnsowl.com","dnsowl.com","162.159.26.136","162.159.27.173","","","","","","","","","","","","","","","","","","","","","","","","","","","","","","","","","","","","","","","","","","","","","","","","","","","","","","","","","","","","","","","","","","","","","99","","","REDACTED FOR PRIVACY","See PrivacyGuardian.org","NameSilo,LLC","clienttransferprohibited","","","","","top","","2024-09-24T07:01:04.735000+00:00","","","paper-blue-hero.top","R10","20240924","20241223","90","paper-blue-hero.top","R10","20240924","20241223","90","","","","","","","","","","","","","","","","","","","","","","","","","","","",""
